{
  "device": "cuda",
  "best_iteration": 81,
  "best_score": 0.4596733459545424,
  "evals_result": {
    "train": {
      "auc": [
        0.6546954645484079,
        0.6758497672668127,
        0.680004245520106,
        0.6817805354490071,
        0.6838427366096287,
        0.685608956291098,
        0.6860834522508624,
        0.6882463493920538,
        0.6893736085102027,
        0.6904022943247148,
        0.691595657737776,
        0.6921487722275574,
        0.6927620658551884,
        0.692795166056393,
        0.6930980244165782,
        0.6941813127963657,
        0.6942772187273368,
        0.6953067149618233,
        0.6953209796521228,
        0.6963037873840838,
        0.6971504689768439,
        0.6982772605450076,
        0.6989000573858384,
        0.6998555669521614,
        0.7005225070053482,
        0.7007758118205983,
        0.7012479087294385,
        0.7015406425544434,
        0.7025520755147503,
        0.7034433964423507,
        0.7040162955695074,
        0.7045429854328734,
        0.7050840823295346,
        0.7060471521791188,
        0.7066528540937396,
        0.7070077201167821,
        0.7074528679639736,
        0.7078651205527038,
        0.7083620451450099,
        0.7092192486904377,
        0.7099810897018772,
        0.710731367942432,
        0.7112023809145565,
        0.7117188111727465,
        0.7122482377620262,
        0.7125432119307102,
        0.7137164016009087,
        0.7138339639276957,
        0.7138608838973456,
        0.7140918860588,
        0.7142967758133292,
        0.7145912416512794,
        0.7147004239238313,
        0.7155674135501999,
        0.7159519630230551,
        0.7164013523278625,
        0.7170366857422974,
        0.7174505591709764,
        0.7183752200490238,
        0.7186365555547704,
        0.7191464658284163,
        0.7201084579752847,
        0.7201919998066463,
        0.7204350917717189,
        0.7213663518580579,
        0.7214404372312181,
        0.7217542144420585,
        0.722000760043022,
        0.7231463938755905,
        0.7234383107868713,
        0.7240182509570556,
        0.7246328669718948,
        0.7251975909875596,
        0.7258284559228857,
        0.7266059037528323,
        0.7270520828074911,
        0.7273983235723062,
        0.7285188237359185,
        0.7287875808184306,
        0.7290797964422019,
        0.7295736889728538,
        0.7303674376732856,
        0.7314604770677652,
        0.7318780425828276,
        0.7319896620895525,
        0.7328218067740216,
        0.7332180940892562,
        0.7333936562514616,
        0.7339344650853817,
        0.7346740982517727,
        0.7351592216227014,
        0.735407672230105,
        0.736026310473567,
        0.7364915289428745,
        0.7366297136007603,
        0.7371449430347384,
        0.7382374465649849,
        0.7391810037354355,
        0.7406658040417926,
        0.7412009601963913,
        0.7421259795294273,
        0.7435415416572211,
        0.7444489250048141,
        0.7454793142597723,
        0.7467468724007402,
        0.7479033663804658,
        0.7485313896508816,
        0.748677537464266,
        0.7490374441956494,
        0.7500094458084516,
        0.7512636730603407,
        0.752582358831194
      ],
      "logloss": [
        0.4952047993991229,
        0.4907024169111391,
        0.48648769599033825,
        0.4828591441706841,
        0.47965691418329215,
        0.47675797940536807,
        0.47411980022854044,
        0.4717828016867583,
        0.4696541960176809,
        0.467720167414383,
        0.465907648612912,
        0.4643362519755948,
        0.4629229142685209,
        0.46174282330363975,
        0.46063566529955147,
        0.4594351164408036,
        0.458505081410541,
        0.45739934031451285,
        0.45662883337714993,
        0.4558144230860007,
        0.45531239265758305,
        0.4544226513269302,
        0.4536374733607331,
        0.4528923370019495,
        0.45223514465814263,
        0.45168752004453366,
        0.45105443305901477,
        0.45053486937888204,
        0.44985481181385367,
        0.44922709116472687,
        0.4486848881992319,
        0.4481848847751873,
        0.4476900343093188,
        0.4471602848856349,
        0.446615893435632,
        0.446231445241542,
        0.44580659944466117,
        0.44541869571596937,
        0.4450026183835111,
        0.4446149948326341,
        0.44435870223010204,
        0.44400146658418416,
        0.4436037993030457,
        0.4432541216975673,
        0.442885928736609,
        0.4426458724864551,
        0.44216904697720094,
        0.44194762337836185,
        0.44179743742448435,
        0.4415552612033062,
        0.44134093583546835,
        0.44113564225379953,
        0.4409302232249965,
        0.44059531323043016,
        0.44032870373863253,
        0.4400362209943658,
        0.43969731015813945,
        0.43947334890647605,
        0.43914108869423146,
        0.4389665394315846,
        0.4387113320180122,
        0.43833857915684865,
        0.4382619637357614,
        0.4381330197587013,
        0.4376908010642303,
        0.4375757596583939,
        0.43737723371160464,
        0.4371783224073765,
        0.43681478307342103,
        0.4366857198788013,
        0.4364378932171382,
        0.4362177360473018,
        0.4359626879650849,
        0.43568346235455685,
        0.4353432112969684,
        0.43514833014674764,
        0.43491680469514554,
        0.4345990750083962,
        0.43442112353309875,
        0.43430658669312056,
        0.43413107666359907,
        0.4338936136591119,
        0.4335732725077812,
        0.4334319767389475,
        0.4333654612234938,
        0.4330990906889921,
        0.43292603442741645,
        0.43281011127592506,
        0.4325847472744784,
        0.43235352808968686,
        0.4321732242635322,
        0.4320179336544643,
        0.431793204135556,
        0.4316446587136067,
        0.4315915575762262,
        0.4314136158329886,
        0.43105827167358657,
        0.43078068107422685,
        0.43032617164652104,
        0.4301575540778288,
        0.4298594393506874,
        0.42943645632703653,
        0.42913925101757344,
        0.4288258484803655,
        0.42844356028792746,
        0.42811922374705635,
        0.4279389591789481,
        0.4278557367303086,
        0.4277119540769557,
        0.4274290302138496,
        0.4270113847481926,
        0.4266032669022367
      ]
    },