{
  "top10_items": [
    861791,
    219745,
    1174901,
    551580,
    1179030,
    69684,
    103022,
    133513,
    414624,
    525412
  ],
  "metrics": {
    "evaluated_user_count": 539,
    "precision_at_10": 0.010760667903525048,
    "recall_at_10": 0.02455949850511378,
    "hit_rate_at_10": 0.09276437847866419,
    "mrr_at_10": 0.044995140913508265,
    "ndcg_at_10": 0.02410801118106913
  }
}